
{"t_ms":9895,"raw":2407,"v":1.939707}
{"t_ms":19895,"raw":2240,"v":1.805128}
{"t_ms":29895,"raw":2225,"v":1.79304}
{"t_ms":39895,"raw":2256,"v":1.818022}
{"t_ms":49895,"raw":2234,"v":1.800293}
{"t_ms":59895,"raw":2231,"v":1.797875}
{"t_ms":69895,"raw":2266,"v":1.826081}
{"t_ms":79895,"raw":2240,"v":1.805128}
{"t_ms":89895,"raw":2219,"v":1.788205}
{"t_ms":99895,"raw":2207,"v":1.778535}
{"t_ms":109895,"raw":2187,"v":1.762418}
{"t_ms":119895,"raw":2181,"v":1.757582}
{"t_ms":129895,"raw":2224,"v":1.792234}
{"t_ms":139895,"raw":2231,"v":1.797875}
{"t_ms":149895,"raw":2225,"v":1.79304}
{"t_ms":159895,"raw":2222,"v":1.790623}
{"t_ms":169895,"raw":2199,"v":1.772088}
{"t_ms":179895,"raw":2205,"v":1.776923}
{"t_ms":189895,"raw":2212,"v":1.782564}
{"t_ms":199895,"raw":2213,"v":1.78337}
{"t_ms":209895,"raw":2264,"v":1.824469}
{"t_ms":219895,"raw":2210,"v":1.780952}
{"t_ms":229895,"raw":2201,"v":1.7737}
{"t_ms":239895,"raw":2211,"v":1.781758}
{"t_ms":249895,"raw":2218,"v":1.787399}
{"t_ms":259895,"raw":2166,"v":1.745494}
{"t_ms":269895,"raw":2193,"v":1.767253}
{"t_ms":279895,"raw":2183,"v":1.759194}
{"t_ms":289895,"raw":2189,"v":1.764029}
{"t_ms":299895,"raw":2187,"v":1.762418}
{"t_ms":309895,"raw":2205,"v":1.776923}
{"t_ms":319895,"raw":2183,"v":1.759194}
{"t_ms":329895,"raw":2196,"v":1.76967}
{"t_ms":339895,"raw":2187,"v":1.762418}
{"t_ms":349895,"raw":2193,"v":1.767253}
{"t_ms":359895,"raw":2192,"v":1.766447}
{"t_ms":369895,"raw":2209,"v":1.780146}
{"t_ms":379895,"raw":2186,"v":1.761612}
{"t_ms":389895,"raw":2218,"v":1.787399}
{"t_ms":399895,"raw":2202,"v":1.774505}
{"t_ms":409895,"raw":2190,"v":1.764835}
{"t_ms":419895,"raw":2206,"v":1.777729}
{"t_ms":429895,"raw":2223,"v":1.791429}
{"t_ms":439895,"raw":2205,"v":1.776923}
{"t_ms":449895,"raw":2195,"v":1.768865}
{"t_ms":459895,"raw":2219,"v":1.788205}
{"t_ms":469895,"raw":2198,"v":1.771282}
{"t_ms":479895,"raw":2199,"v":1.772088}
{"t_ms":489895,"raw":2218,"v":1.787399}
{"t_ms":499895,"raw":2211,"v":1.781758}
{"t_ms":509895,"raw":2192,"v":1.766447}
{"t_ms":519895,"raw":2203,"v":1.775311}
{"t_ms":529895,"raw":2209,"v":1.780146}
{"t_ms":539895,"raw":2402,"v":1.935678}
{"t_ms":549895,"raw":1904,"v":1.534359}
{"t_ms":559895,"raw":2223,"v":1.791429}
{"t_ms":569895,"raw":2247,"v":1.810769}
{"t_ms":579895,"raw":2235,"v":1.801099}
{"t_ms":589895,"raw":2240,"v":1.805128}
{"t_ms":599895,"raw":2247,"v":1.810769}
{"t_ms":609895,"raw":2277,"v":1.834945}
{"t_ms":619895,"raw":2253,"v":1.815604}
{"t_ms":629895,"raw":2254,"v":1.81641}
{"t_ms":639895,"raw":2222,"v":1.790623}
{"t_ms":649895,"raw":2258,"v":1.819634}
{"t_ms":659895,"raw":2247,"v":1.810769}
{"t_ms":669895,"raw":2256,"v":1.818022}
{"t_ms":679895,"raw":2266,"v":1.826081}
{"t_ms":689895,"raw":2262,"v":1.822857}
{"t_ms":699895,"raw":2243,"v":1.807546}
{"t_ms":709895,"raw":2265,"v":1.825275}
{"t_ms":719895,"raw":2263,"v":1.823663}
{"t_ms":729895,"raw":2267,"v":1.826886}
{"t_ms":739895,"raw":2267,"v":1.826886}
{"t_ms":749895,"raw":2256,"v":1.818022}
{"t_ms":759895,"raw":2270,"v":1.829304}
{"t_ms":769895,"raw":2268,"v":1.827692}
{"t_ms":779895,"raw":2266,"v":1.826081}
{"t_ms":789895,"raw":2260,"v":1.821245}
{"t_ms":799895,"raw":2235,"v":1.801099}
{"t_ms":809895,"raw":2270,"v":1.829304}
{"t_ms":819895,"raw":2320,"v":1.869597}
{"t_ms":829895,"raw":2304,"v":1.856703}
{"t_ms":839895,"raw":2314,"v":1.864762}
{"t_ms":849895,"raw":2309,"v":1.860733}
{"t_ms":859895,"raw":2289,"v":1.844615}
{"t_ms":869895,"raw":2302,"v":1.855092}
{"t_ms":879895,"raw":2307,"v":1.859121}
{"t_ms":889895,"raw":2306,"v":1.858315}
{"t_ms":899895,"raw":2291,"v":1.846227}
{"t_ms":909895,"raw":2242,"v":1.80674}
{"t_ms":919895,"raw":2267,"v":1.826886}
{"t_ms":929895,"raw":2216,"v":1.785788}
{"t_ms":939895,"raw":2289,"v":1.844615}
{"t_ms":949895,"raw":2262,"v":1.822857}
{"t_ms":959895,"raw":2273,"v":1.831722}
{"t_ms":969895,"raw":2301,"v":1.854286}
{"t_ms":979895,"raw":2291,"v":1.846227}
{"t_ms":989895,"raw":2277,"v":1.834945}
{"t_ms":999895,"raw":2252,"v":1.814799}
{"t_ms":1009895,"raw":2416,"v":1.94696}
{"t_ms":1019895,"raw":2192,"v":1.766447}
{"t_ms":1029895,"raw":2320,"v":1.869597}
{"t_ms":1039895,"raw":2329,"v":1.87685}
{"t_ms":1049895,"raw":2319,"v":1.868791}
{"t_ms":1059895,"raw":2327,"v":1.875238}
{"t_ms":1069895,"raw":2318,"v":1.867985}
{"t_ms":1079895,"raw":2301,"v":1.854286}
{"t_ms":1089895,"raw":2295,"v":1.849451}
{"t_ms":1099895,"raw":2288,"v":1.843809}
{"t_ms":1109895,"raw":2257,"v":1.818828}
{"t_ms":1119895,"raw":2278,"v":1.835751}
{"t_ms":1129895,"raw":2273,"v":1.831722}
{"t_ms":1139895,"raw":2290,"v":1.845421}
{"t_ms":1149895,"raw":2293,"v":1.847839}
{"t_ms":1159895,"raw":2351,"v":1.894579}
{"t_ms":1169895,"raw":2314,"v":1.864762}
{"t_ms":1179895,"raw":2319,"v":1.868791}
{"t_ms":1189895,"raw":2327,"v":1.875238}
{"t_ms":1199895,"raw":2340,"v":1.885714}
{"t_ms":1209895,"raw":2338,"v":1.884103}
{"t_ms":1219895,"raw":2345,"v":1.889744}
{"t_ms":1229895,"raw":2320,"v":1.869597}
{"t_ms":1239895,"raw":2333,"v":1.880073}
{"t_ms":1249895,"raw":2346,"v":1.890549}
{"t_ms":1259895,"raw":2352,"v":1.895385}
{"t_ms":1269895,"raw":2336,"v":1.882491}
{"t_ms":1279895,"raw":2368,"v":1.908278}
{"t_ms":1289895,"raw":2338,"v":1.884103}
{"t_ms":1299895,"raw":2357,"v":1.899414}
{"t_ms":1309895,"raw":2375,"v":1.913919}
{"t_ms":1319895,"raw":2342,"v":1.887326}
{"t_ms":1329895,"raw":2352,"v":1.895385}
{"t_ms":1339895,"raw":2339,"v":1.884908}
{"t_ms":1349895,"raw":2343,"v":1.888132}
{"t_ms":1359895,"raw":2337,"v":1.883297}
{"t_ms":1369895,"raw":2348,"v":1.892161}
{"t_ms":1379895,"raw":2349,"v":1.892967}
{"t_ms":1389895,"raw":2353,"v":1.896191}
{"t_ms":1399895,"raw":2345,"v":1.889744}
{"t_ms":1409895,"raw":2350,"v":1.893773}
{"t_ms":1419895,"raw":2336,"v":1.882491}
{"t_ms":1429895,"raw":2341,"v":1.88652}
{"t_ms":1439895,"raw":2331,"v":1.878461}
{"t_ms":1449895,"raw":2341,"v":1.88652}
{"t_ms":1459895,"raw":2269,"v":1.828498}
{"t_ms":1469895,"raw":2342,"v":1.887326}
{"t_ms":1479895,"raw":2401,"v":1.934872}
{"t_ms":1489895,"raw":2329,"v":1.87685}
{"t_ms":1499895,"raw":2325,"v":1.873626}
{"t_ms":1509895,"raw":2331,"v":1.878461}
{"t_ms":1519895,"raw":2170,"v":1.748718}
{"t_ms":1529895,"raw":2320,"v":1.869597}
{"t_ms":1539895,"raw":2345,"v":1.889744}
{"t_ms":1549895,"raw":2336,"v":1.882491}
{"t_ms":1559895,"raw":2341,"v":1.88652}
{"t_ms":1569895,"raw":2331,"v":1.878461}
{"t_ms":1579895,"raw":2334,"v":1.880879}
{"t_ms":1589895,"raw":2327,"v":1.875238}
{"t_ms":1599895,"raw":2324,"v":1.87282}
{"t_ms":1609895,"raw":2332,"v":1.879267}
{"t_ms":1619895,"raw":2334,"v":1.880879}
{"t_ms":1629895,"raw":2319,"v":1.868791}
{"t_ms":1639895,"raw":2331,"v":1.878461}
{"t_ms":1649895,"raw":2322,"v":1.871209}
{"t_ms":1659895,"raw":2323,"v":1.872015}
{"t_ms":1669895,"raw":2319,"v":1.868791}
{"t_ms":1679895,"raw":2245,"v":1.809157}
{"t_ms":1689895,"raw":2327,"v":1.875238}
{"t_ms":1699895,"raw":2337,"v":1.883297}
{"t_ms":1709895,"raw":2334,"v":1.880879}
{"t_ms":1719895,"raw":2335,"v":1.881685}
{"t_ms":1729895,"raw":2339,"v":1.884908}
{"t_ms":1739895,"raw":2340,"v":1.885714}
{"t_ms":1749895,"raw":2343,"v":1.888132}
{"t_ms":1759895,"raw":2339,"v":1.884908}
{"t_ms":1769895,"raw":2341,"v":1.88652}
{"t_ms":1779895,"raw":2338,"v":1.884103}
{"t_ms":1789895,"raw":2339,"v":1.884908}
{"t_ms":1799895,"raw":2333,"v":1.880073}
{"t_ms":1809895,"raw":2359,"v":1.901026}
{"t_ms":1819895,"raw":2347,"v":1.891355}
{"t_ms":1829895,"raw":2355,"v":1.897802}
{"t_ms":1839895,"raw":2346,"v":1.890549}
{"t_ms":1849895,"raw":2350,"v":1.893773}
{"t_ms":1859895,"raw":2335,"v":1.881685}
{"t_ms":1869895,"raw":2345,"v":1.889744}
{"t_ms":1879895,"raw":2349,"v":1.892967}
{"t_ms":1889895,"raw":2339,"v":1.884908}
{"t_ms":1899895,"raw":2347,"v":1.891355}
{"t_ms":1909895,"raw":2343,"v":1.888132}
{"t_ms":1919895,"raw":2337,"v":1.883297}
{"t_ms":1929895,"raw":2352,"v":1.895385}
{"t_ms":1939895,"raw":2351,"v":1.894579}
{"t_ms":1949895,"raw":2346,"v":1.890549}
{"t_ms":1959895,"raw":2335,"v":1.881685}
{"t_ms":1969895,"raw":2349,"v":1.892967}
{"t_ms":1979895,"raw":2349,