{"t_ms":9851,"raw":3099,"v":2.497363}
{"t_ms":19851,"raw":3035,"v":2.445787}
{"t_ms":29851,"raw":2967,"v":2.390989}
{"t_ms":39851,"raw":2913,"v":2.347472}
{"t_ms":49851,"raw":2879,"v":2.320073}
{"t_ms":59851,"raw":2935,"v":2.365201}
{"t_ms":69851,"raw":2894,"v":2.332161}
{"t_ms":79851,"raw":2845,"v":2.292674}
{"t_ms":89851,"raw":2839,"v":2.287839}
{"t_ms":99851,"raw":2816,"v":2.269304}
{"t_ms":109851,"raw":2736,"v":2.204835}
{"t_ms":119851,"raw":2739,"v":2.207253}
{"t_ms":129851,"raw":2717,"v":2.189524}
{"t_ms":139851,"raw":2720,"v":2.191941}
{"t_ms":149851,"raw":2689,"v":2.16696}
{"t_ms":159851,"raw":2660,"v":2.14359}
{"t_ms":169851,"raw":2650,"v":2.135531}
{"t_ms":179851,"raw":2637,"v":2.125055}
{"t_ms":189851,"raw":2622,"v":2.112967}
{"t_ms":199851,"raw":2610,"v":2.103297}
{"t_ms":209851,"raw":2586,"v":2.083956}
{"t_ms":219851,"raw":2597,"v":2.09282}
{"t_ms":229851,"raw":2559,"v":2.062198}
{"t_ms":239851,"raw":2557,"v":2.060586}
{"t_ms":249851,"raw":2559,"v":2.062198}
{"t_ms":259851,"raw":2543,"v":2.049304}
{"t_ms":269851,"raw":2533,"v":2.041245}
{"t_ms":279851,"raw":2517,"v":2.028352}
{"t_ms":289851,"raw":2529,"v":2.038022}
{"t_ms":299851,"raw":2499,"v":2.013846}
{"t_ms":309851,"raw":2487,"v":2.004176}
{"t_ms":319851,"raw":2481,"v":1.999341}
{"t_ms":329851,"raw":2469,"v":1.98967}
{"t_ms":339851,"raw":2469,"v":1.98967}
{"t_ms":349851,"raw":2471,"v":1.991282}
{"t_ms":359851,"raw":2464,"v":1.985641}
{"t_ms":369851,"raw":2451,"v":1.975165}
{"t_ms":379851,"raw":2448,"v":1.972747}
{"t_ms":389851,"raw":2448,"v":1.972747}
{"t_ms":399851,"raw":2448,"v":1.972747}
{"t_ms":409851,"raw":2412,"v":1.943736}
{"t_ms":419851,"raw":2426,"v":1.955018}
{"t_ms":429851,"raw":2411,"v":1.94293}
{"t_ms":439851,"raw":2413,"v":1.944542}
{"t_ms":449851,"raw":2403,"v":1.936484}
{"t_ms":459851,"raw":2410,"v":1.942124}
{"t_ms":469851,"raw":2397,"v":1.931648}
{"t_ms":479851,"raw":2397,"v":1.931648}
{"t_ms":489851,"raw":2390,"v":1.926007}
{"t_ms":499851,"raw":2382,"v":1.91956}
{"t_ms":509851,"raw":2365,"v":1.905861}
{"t_ms":519851,"raw":2357,"v":1.899414}
{"t_ms":529851,"raw":2373,"v":1.912308}
{"t_ms":539851,"raw":2365,"v":1.905861}
{"t_ms":549851,"raw":2352,"v":1.895385}
{"t_ms":559851,"raw":2351,"v":1.894579}
{"t_ms":569851,"raw":2342,"v":1.887326}
{"t_ms":579851,"raw":2352,"v":1.895385}
{"t_ms":589851,"raw":2329,"v":1.87685}
{"t_ms":599851,"raw":2327,"v":1.875238}
{"t_ms":609851,"raw":2352,"v":1.895385}
{"t_ms":619851,"raw":2327,"v":1.875238}
{"t_ms":629851,"raw":2320,"v":1.869597}
{"t_ms":639851,"raw":2329,"v":1.87685}
{"t_ms":649851,"raw":2319,"v":1.868791}
{"t_ms":659851,"raw":2305,"v":1.857509}
{"t_ms":669851,"raw":2299,"v":1.852674}
{"t_ms":679851,"raw":2303,"v":1.855897}
{"t_ms":689851,"raw":2295,"v":1.849451}
{"t_ms":699851,"raw":2302,"v":1.855092}
{"t_ms":709851,"raw":2301,"v":1.854286}
{"t_ms":719851,"raw":2306,"v":1.858315}
{"t_ms":729851,"raw":2304,"v":1.856703}
{"t_ms":739851,"raw":2318,"v":1.867985}
{"t_ms":749851,"raw":2303,"v":1.855897}
{"t_ms":759851,"raw":2306,"v":1.858315}
{"t_ms":769851,"raw":2319,"v":1.868791}
{"t_ms":779851,"raw":2302,"v":1.855092}
{"t_ms":789851,"raw":2286,"v":1.842198}
{"t_ms":799851,"raw":2290,"v":1.845421}
{"t_ms":809851,"raw":2302,"v":1.855092}
{"t_ms":819851,"raw":2272,"v":1.830916}
{"t_ms":829851,"raw":2273,"v":1.831722}
{"t_ms":839851,"raw":2279,"v":1.836557}
{"t_ms":849851,"raw":2285,"v":1.841392}
{"t_ms":859851,"raw":2286,"v":1.842198}
{"t_ms":869851,"raw":2257,"v":1.818828}
{"t_ms":879851,"raw":2258,"v":1.819634}
{"t_ms":889851,"raw":2262,"v":1.822857}
{"t_ms":899851,"raw":2253,"v":1.815604}
{"t_ms":909851,"raw":2219,"v":1.788205}
{"t_ms":919851,"raw":2245,"v":1.809157}
{"t_ms":929851,"raw":2224,"v":1.792234}
{"t_ms":939851,"raw":2226,"v":1.793846}
{"t_ms":949851,"raw":2209,"v":1.780146}
{"t_ms":959851,"raw":2201,"v":1.7737}
{"t_ms":969851,"raw":2224,"v":1.792234}
{"t_ms":979851,"raw":2223,"v":1.791429}
{"t_ms":989851,"raw":2199,"v":1.772088}
{"t_ms":999851,"raw":2223,"v":1.791429}
{"t_ms":1009851,"raw":2182,"v":1.758388}
{"t_ms":1019851,"raw":2203,"v":1.775311}
{"t_ms":1029851,"raw":2173,"v":1.751136}
{"t_ms":1039851,"raw":2190,"v":1.764835}
{"t_ms":1049851,"raw":2175,"v":1.752747}
{"t_ms":1059851,"raw":2177,"v":1.754359}
{"t_ms":1069851,"raw":2199,"v":1.772088}
{"t_ms":1079851,"raw":2229,"v":1.796264}
{"t_ms":1089851,"raw":2229,"v":1.796264}
{"t_ms":1099851,"raw":2221,"v":1.789817}
{"t_ms":1109851,"raw":2192,"v":1.766447}
{"t_ms":1119851,"raw":2215,"v":1.784982}
{"t_ms":1129851,"raw":2219,"v":1.788205}
{"t_ms":1139851,"raw":2187,"v":1.762418}
{"t_ms":1149851,"raw":2204,"v":1.776117}
{"t_ms":1159851,"raw":2210,"v":1.780952}
{"t_ms":1169851,"raw":2186,"v":1.761612}
{"t_ms":1179851,"raw":2173,"v":1.751136}
{"t_ms":1189851,"raw":2176,"v":1.753553}
{"t_ms":1199851,"raw":2162,"v":1.742271}
{"t_ms":1209851,"raw":2161,"v":1.741465}
{"t_ms":1219851,"raw":2189,"v":1.764029}
{"t_ms":1229851,"raw":2124,"v":1.711648}
{"t_ms":1239851,"raw":2176,"v":1.753553}
{"t_ms":1249851,"raw":2149,"v":1.731795}
{"t_ms":1259851,"raw":2157,"v":1.738242}
{"t_ms":1269851,"raw":2149,"v":1.731795}
{"t_ms":1279851,"raw":2161,"v":1.741465}
{"t_ms":1289851,"raw":2142,"v":1.726154}
{"t_ms":1299851,"raw":2160,"v":1.740659}
{"t_ms":1309851,"raw":2138,"v":1.72293}
{"t_ms":1319851,"raw":2147,"v":1.730183}
{"t_ms":1329851,"raw":2124,"v":1.711648}
{"t_ms":1339851,"raw":2155,"v":1.73663}
{"t_ms":1349851,"raw":2135,"v":1.720513}
{"t_ms":1359851,"raw":2128,"v":1.714872}
{"t_ms":1369851,"raw":2126,"v":1.71326}
{"t_ms":1379851,"raw":2130,"v":1.716483}
{"t_ms":1389851,"raw":2143,"v":1.72696}
{"t_ms":1399851,"raw":2123,"v":1.710842}
{"t_ms":1409851,"raw":2129,"v":1.715678}
{"t_ms":1419851,"raw":2119,"v":1.707619}
{"t_ms":1429851,"raw":2112,"v":1.701978}
{"t_ms":1439851,"raw":2096,"v":1.689084}
{"t_ms":1449851,"raw":2103,"v":1.694725}
{"t_ms":1459851,"raw":2085,"v":1.68022}
{"t_ms":1469851,"raw":2102,"v":1.693919}
{"t_ms":1479851,"raw":2093,"v":1.686667}
{"t_ms":1489851,"raw":2097,"v":1.68989}
{"t_ms":1499851,"raw":2087,"v":1.681831}
{"t_ms":1509851,"raw":2112,"v":1.701978}
{"t_ms":1519851,"raw":2085,"v":1.68022}
{"t_ms":1529851,"raw":2091,"v":1.685055}
{"t_ms":1539851,"raw":2077,"v":1.673773}
{"t_ms":1549851,"raw":2083,"v":1.678608}
{"t_ms":1559851,"raw":2067,"v":1.665714}
{"t_ms":1569851,"raw":2070,"v":1.668132}
{"t_ms":1579851,"raw":2070,"v":1.668132}
{"t_ms":1589851,"raw":2083,"v":1.678608}
{"t_ms":1599851,"raw":2064,"v":1.663297}
{"t_ms":1609851,"raw":2073,"v":1.670549}
{"t_ms":1619851,"raw":2078,"v":1.674579}
{"t_ms":1629851,"raw":2062,"v":1.661685}
{"t_ms":1639851,"raw":2045,"v":1.647985}
{"t_ms":1649851,"raw":2047,"v":1.649597}
{"t_ms":1659851,"raw":2064,"v":1.663297}
{"t_ms":1669851,"raw":2063,"v":1.662491}
{"t_ms":1679851,"raw":2047,"v":1.649597}
{"t_ms":1689851,"raw":2057,"v":1.657656}
{"t_ms":1699851,"raw":2059,"v":1.659267}
{"t_ms":1709851,"raw":2033,"v":1.638315}
{"t_ms":1719851,"raw":2059,"v":1.659267}
{"t_ms":1729851,"raw":2032,"v":1.637509}
{"t_ms":1739851,"raw":2047,"v":1.649597}
{"t_ms":1749851,"raw":2061,"v":1.660879}
{"t_ms":1759851,"raw":2046,"v":1.648791}
{"t_ms":1769851,"raw":2047,"v":1.649597}
{"t_ms":1779851,"raw":2045,"v":1.647985}
{"t_ms":1789851,"raw":2002,"v":1.613333}
{"t_ms":1799851,"raw":2047,"v":1.649597}
{"t_ms":1809851,"raw":2042,"v":1.645568}
{"t_ms":1819851,"raw":2043,"v":1.646374}
{"t_ms":1829851,"raw":2056,"v":1.65685}
{"t_ms":1839851,"raw":2037,"v":1.641539}
{"t_ms":1849851,"raw":2037,"v":1.641539}
{"t_ms":1859851,"raw":2025,"v":1.631868}
{"t_ms":1869851,"raw":2029,"v":1.635092}
{"t_ms":1879851,"raw":2006,"v":1.616557}
{"t_ms":1889851,"raw":2013,"v":1.622198}
{"t_ms":1899851,"raw":2013,"v":1.622198}
{"t_ms":1909851,"raw":2009,"v":1.618974}
{"t_ms":1919851,"raw":2035,"v":1.639927}
{"t_ms":1929851,"raw":2017,"v":1.625421}
{"t_ms":1939851,"raw":2014,"v":1.623004}
{"t_ms":1949851,"raw":2021,"v":1.628645}
{"t_ms":1959851,"raw":2001,"v":1.612527}
{"t_ms":1969851,"raw":2007,"v":1.617363}
{"t_ms":1979851,"raw":2001,